KOMMUNENUM,LOKALID   ,NAVN      ,NAVNEROM  ,OBJTYPE   ,OPPDATERIN,REF       ,REKKEF�LGE,SAMISKFORV,SOSI_ID   ,SPR�K     ,TYPE      
"2003","172718",Vadsø,NO.KARTVERKET.AdmEnheterNorge,Kommune,,,,NEI,"172809",nor,FLATE
"5020","173007",Osen,NO.KARTVERKET.AdmEnheterNorge,Kommune,,,,NEI,"172813",nor,FLATE
"1438","173025",Bremanger,NO.KARTVERKET.AdmEnheterNorge,Kommune,,,,NEI,"172814",nor,FLATE
"1244","172926",Austevoll,NO.KARTVERKET.AdmEnheterNorge,Kommune,,:-172420 :-345976 :-502657 :-502658 :-345981 :-345985 :-346325 :-346300 :-346302 :-346301 :419113 :346303 :361124 :361118 :361122 :361163 :502641 :502640 :345954 :345956,,NEI,"172815",nor,FLATE
"1001","173043",Kristiansand,NO.KARTVERKET.AdmEnheterNorge,Kommune,,,,NEI,"172816",nor,FLATE
"0914","173035",Tvedestrand,NO.KARTVERKET.AdmEnheterNorge,Kommune,,,,NEI,"172817",nor,FLATE
"0901","172804",Risør,NO.KARTVERKET.AdmEnheterNorge,Kommune,,,,NEI,"172818",nor,FLATE
"1848","172744",Steigen,NO.KARTVERKET.AdmEnheterNorge,Kommune,,,,NEI,"172819",nor,FLATE
"1845","172870",Sørfold,NO.KARTVERKET.AdmEnheterNorge,Kommune,,,,NEI,"172820",nor,FLATE
"2002","173014",Vardø,NO.KARTVERKET.AdmEnheterNorge,Kommune,,,,NEI,"172821",nor,FLATE
"2028","173053",Båtsfjord,NO.KARTVERKET.AdmEnheterNorge,Kommune,,,,NEI,"172822",nor,FLATE
"2022","172716",Lebesby,NO.KARTVERKET.AdmEnheterNorge,Kommune,,,,NEI,"172823",nor,FLATE
"2019","173051",Nordkapp,NO.KARTVERKET.AdmEnheterNorge,Kommune,,:394280 :395867 :395870 :494883 :-410815 :-415879 :-424846 :424945 :424950 :-424956 :-426627 :-424607 :422266 :-426693 :426275 :480312 :426699 :426479 :480187 :421911 :421915 :486793 :502553 :502552 :-172481 :-502613 :-502614 :-394238,,NEI,"172824",nor,FLATE
"2004","172692",Hammerfest,NO.KARTVERKET.AdmEnheterNorge,Kommune,,,,NEI,"172825",nor,FLATE
"2014","172727",Loppa,NO.KARTVERKET.AdmEnheterNorge,Kommune,"20070103",,,NEI,"172826",nor,FLATE
"1936","172968",Karlsøy,NO.KARTVERKET.AdmEnheterNorge,Kommune,,,,NEI,"172827",nor,FLATE
"1902","172967",Tromsø,NO.KARTVERKET.AdmEnheterNorge,Kommune,,,,NEI,"172828",nor,FLATE
"1931","172809",Lenvik,NO.KARTVERKET.AdmEnheterNorge,Kommune,,,,NEI,"172829",nor,FLATE
"1871","172978",Andøy,NO.KARTVERKET.AdmEnheterNorge,Kommune,,,,NEI,"172830",nor,FLATE
"1865","172759",Vågan,NO.KARTVERKET.AdmEnheterNorge,Kommune,,,,NEI,"172831",nor,FLATE
"1857","172971",Værøy,NO.KARTVERKET.AdmEnheterNorge,Kommune,,:343951 :502659 :351780 :351781 :-347313 :-347312 :443276 :451601 :451596 :451592 :502690 :-172443,,NEI,"172832",nor,FLATE
"1836","172963",Rødøy,NO.KARTVERKET.AdmEnheterNorge,Kommune,,,,NEI,"172833",nor,FLATE
"1811","172995",Bindal,NO.KARTVERKET.AdmEnheterNorge,Kommune,,,,NEI,"172834",nor,FLATE
"1505","173062",Kristiansund,NO.KARTVERKET.AdmEnheterNorge,Kommune,"20080101",,,NEI,"172835",nor,FLATE
"1551","173008",Eide,NO.KARTVERKET.AdmEnheterNorge,Kommune,,,,NEI,"172836",nor,FLATE
"1547","173011",Aukra,NO.KARTVERKET.AdmEnheterNorge,Kommune,,,,NEI,"172837",nor,FLATE
"1441","172769",Selje,NO.KARTVERKET.AdmEnheterNorge,Kommune,,,,NEI,"172838",nor,FLATE
"1265","172880",Fedje,NO.KARTVERKET.AdmEnheterNorge,Kommune,,:-172422 :-368813 :-502576 :-502577 :-449193 :-449195 :394454 :-372356 :-372353 :-372350 :-372365 :-372361 :423056 :423133 :423052 :502597 :363025,,NEI,"172839",nor,FLATE
"1219","173098",Bømlo,NO.KARTVERKET.AdmEnheterNorge,Kommune,,,,NEI,"172840",nor,FLATE
"1106","173100",Haugesund,NO.KARTVERKET.AdmEnheterNorge,Kommune,,,,NEI,"172841",nor,FLATE
"1149","173080",Karmøy,NO.KARTVERKET.AdmEnheterNorge,Kommune,,,,NEI,"172842",nor,FLATE
"1151","173095",Utsira,NO.KARTVERKET.AdmEnheterNorge,Kommune,,:-172414 :401251 :401297 :401290 :401293 :401288 :401277 :502607 :401252 :401256 :401261 :401270 :502608 :401272,,NEI,"172843",nor,FLATE
"1119","173077",Hå,NO.KARTVERKET.AdmEnheterNorge,Kommune,,,,NEI,"172844",nor,FLATE
"1101","173102",Eigersund,NO.KARTVERKET.AdmEnheterNorge,Kommune,,,,NEI,"172845",nor,FLATE
"1004","173103",Flekkefjord,NO.KARTVERKET.AdmEnheterNorge,Kommune,,,,NEI,"172846",nor,FLATE
"1029","173041",Lindesnes,NO.KARTVERKET.AdmEnheterNorge,Kommune,,,,NEI,"172847",nor,FLATE
"0926","173042",Lillesand,NO.KARTVERKET.AdmEnheterNorge,Kommune,,,,NEI,"172848",nor,FLATE
"0712","172987172681",Larvik,NO.KARTVERKET.AdmEnheterNorge,Kommune,,,,NEI,"172849",nor,FLATE
"1828","172735",Nesna,NO.KARTVERKET.AdmEnheterNorge,Kommune,,,,NEI,"172850",nor,FLATE
"1259","172927",Øygarden,NO.KARTVERKET.AdmEnheterNorge,Kommune,,:-172418 :-495141 :449250 :502687 :502575 :449249 :449275 :449274 :449270 :449268 :449262 :449181 :449172 :449170 :449165 :449164 :449197 :449195 :449193 :502577 :502576 :368813,,NEI,"172851",nor,FLATE
"1253","172673",Osterøy,NO.KARTVERKET.AdmEnheterNorge,Kommune,,,,NEI,"172852",nor,FLATE
"0228","172674",Rælingen,NO.KARTVERKET.AdmEnheterNorge,Kommune,,,,NEI,"172853",nor,FLATE
"0415","172675",Løten,NO.KARTVERKET.AdmEnheterNorge,Kommune,,,,NEI,"172854",nor,FLATE
"0831","172676",Fyresdal,NO.KARTVERKET.AdmEnheterNorge,Kommune,"20000630",,,NEI,"172855",nor,FLATE
"0211","172677",Vestby,NO.KARTVERKET.AdmEnheterNorge,Kommune,,,,NEI,"172856",nor,FLATE
"0615","172678",Flå,NO.KARTVERKET.AdmEnheterNorge,Kommune,"20000630",,,NEI,"172857",nor,FLATE
"0711","172680",Svelvik,NO.KARTVERKET.AdmEnheterNorge,Kommune,,,,NEI,"172858",nor,FLATE
"0811","172682",Siljan,NO.KARTVERKET.AdmEnheterNorge,Kommune,"20000630",,,NEI,"172860",nor,FLATE
"0704","172685",Tønsberg,NO.KARTVERKET.AdmEnheterNorge,Kommune,,,,NEI,"172861",nor,FLATE
"0628","172686",Hurum,NO.KARTVERKET.AdmEnheterNorge,Kommune,"20000630",,,NEI,"172862",nor,FLATE
"1433","172687",Naustdal,NO.KARTVERKET.AdmEnheterNorge,Kommune,,,,NEI,"172863",nor,FLATE
"1516","172688",Ulstein,NO.KARTVERKET.AdmEnheterNorge,Kommune,,,,NEI,"172864",nor,FLATE
"1852","172690",Tjeldsund,NO.KARTVERKET.AdmEnheterNorge,Kommune,,,,NEI,"172865",nor,FLATE
"0617","172691",Gol,NO.KARTVERKET.AdmEnheterNorge,Kommune,"20000630",,,NEI,"172866",nor,FLATE
"0234","172693",Gjerdrum,NO.KARTVERKET.AdmEnheterNorge,Kommune,,,,NEI,"172867",nor,FLATE
"0101","172695",Halden,NO.KARTVERKET.AdmEnheterNorge,Kommune,,,,NEI,"172868",nor,FLATE
"1260","172696",Radøy,NO.KARTVERKET.AdmEnheterNorge,Kommune,,,,NEI,"172869",nor,FLATE
"1263","172697",Lindås,NO.KARTVERKET.AdmEnheterNorge,Kommune,,,,NEI,"172870",nor,FLATE
"0436","172698",Tolga,NO.KARTVERKET.AdmEnheterNorge,Kommune,,,,NEI,"172871",nor,FLATE
"0502","172699",Gjøvik,NO.KARTVERKET.AdmEnheterNorge,Kommune,,,,NEI,"172872",nor,FLATE
"0522","172703",Gausdal,NO.KARTVERKET.AdmEnheterNorge,Kommune,,,,NEI,"172873",nor,FLATE
"0604","172705",Kongsberg,NO.KARTVERKET.AdmEnheterNorge,Kommune,"20000630",,,NEI,"172874",nor,FLATE
"0631","172706",Flesberg,NO.KARTVERKET.AdmEnheterNorge,Kommune,"20000630",,,NEI,"172875",nor,FLATE
"0429","172707",Åmot,NO.KARTVERKET.AdmEnheterNorge,Kommune,,,,NEI,"172876",nor,FLATE
"0229","172708",Enebakk,NO.KARTVERKET.AdmEnheterNorge,Kommune,,,,NEI,"172877",nor,FLATE
"5033","172709",Tydal,NO.KARTVERKET.AdmEnheterNorge,Kommune,,,,NEI,"172878",nor,FLATE
"1576","172710",Aure,NO.KARTVERKET.AdmEnheterNorge,Kommune,"20060101",,,NEI,"172879",nor,FLATE
"0520","172711",Ringebu,NO.KARTVERKET.AdmEnheterNorge,Kommune,,,,NEI,"172880",nor,FLATE
"0430","172712",Stor-Elvdal,NO.KARTVERKET.AdmEnheterNorge,Kommune,,,,NEI,"172881",nor,FLATE
"2018","172715",Måsøy,NO.KARTVERKET.AdmEnheterNorge,Kommune,,:-476821 :-377484 :-377488 :-377489 :-355983 :-356610 :-458186 :-458194 :-356128 :-372950 :358969 :-494886 :-361291 :-395481 :-342465 :-494883 :-395870 :-395867 :-394280 :394238 :502614 :502613 :-172456 :-502557 :-502558,,NEI,"172882",nor,FLATE
"0619","172721",Ål,NO.KARTVERKET.AdmEnheterNorge,Kommune,"20000630",,,NEI,"172883",nor,FLATE
"0633","172722","""Nore og Uvdal""",NO.KARTVERKET.AdmEnheterNorge,Kommune,"20000630",,,NEI,"172884",nor,FLATE
"1233","172723",Ulvik,NO.KARTVERKET.AdmEnheterNorge,Kommune,"20000630",,,NEI,"172885",nor,FLATE
"0230","172725",Lørenskog,NO.KARTVERKET.AdmEnheterNorge,Kommune,,,,NEI,"172886",nor,FLATE
"0439","172726",Folldal,NO.KARTVERKET.AdmEnheterNorge,Kommune,,,,NEI,"172887",nor,FLATE
"0814","172729",Bamble,NO.KARTVERKET.AdmEnheterNorge,Kommune,"20000630",,,NEI,"172888",nor,FLATE
"1866","172730",Hadsel,NO.KARTVERKET.AdmEnheterNorge,Kommune,,,,NEI,"172889",nor,FLATE
"1524","172731",Norddal,NO.KARTVERKET.AdmEnheterNorge,Kommune,,,,NEI,"172890",nor,FLATE
"1926","172732",Dyrøy,NO.KARTVERKET.AdmEnheterNorge,Kommune,,,,NEI,"172891",nor,FLATE
"1917","172733",Ibestad,NO.KARTVERKET.AdmEnheterNorge,Kommune,,,,NEI,"172892",nor,FLATE
"1839","172734",Beiarn,NO.KARTVERKET.AdmEnheterNorge,Kommune,,,,NEI,"172893",nor,FLATE
"1834","172736",Lurøy,NO.KARTVERKET.AdmEnheterNorge,Kommune,,,,NEI,"172894",nor,FLATE
"5038","172737",Verdal,NO.KARTVERKET.AdmEnheterNorge,Kommune,,,,NEI,"172895",nor,FLATE
"5031","172738",Malvik,NO.KARTVERKET.AdmEnheterNorge,Kommune,,,,NEI,"172896",nor,FLATE
"5016","172739",Agdenes,NO.KARTVERKET.AdmEnheterNorge,Kommune,,,,NEI,"172897",nor,FLATE
"1535","172740",Vestnes,NO.KARTVERKET.AdmEnheterNorge,Kommune,,,,NEI,"172898",nor,FLATE
"1837","172741",Meløy,NO.KARTVERKET.AdmEnheterNorge,Kommune,,,,NEI,"172899",nor,FLATE
"5053","172742",Inderøy,NO.KARTVERKET.AdmEnheterNorge,Kommune,,,,NEI,"172900",nor,FLATE
"1526","172743",Stordal,NO.KARTVERKET.AdmEnheterNorge,Kommune,,,,NEI,"172901",nor,FLATE
"1251","172745",Vaksdal,NO.KARTVERKET.AdmEnheterNorge,Kommune,,,,NEI,"172902",nor,FLATE
"1429","172748",Fjaler,NO.KARTVERKET.AdmEnheterNorge,Kommune,,,,NEI,"172903",nor,FLATE
"0819","172749",Nome,NO.KARTVERKET.AdmEnheterNorge,Kommune,"20000630",,,NEI,"172904",nor,FLATE
"0821","172750",Bø,NO.KARTVERKET.AdmEnheterNorge,Kommune,"20000630",,,NEI,"172905",nor,FLATE
"1420","172754",Sogndal,NO.KARTVERKET.AdmEnheterNorge,Kommune,,,,NEI,"172906",nor,FLATE
"1531","172755",Sula,NO.KARTVERKET.AdmEnheterNorge,Kommune,,,,NEI,"172907",nor,FLATE
"5013","172756",Hitra,NO.KARTVERKET.AdmEnheterNorge,Kommune,,,,NEI,"172908",nor,FLATE
"1545","172757",Midsund,NO.KARTVERKET.AdmEnheterNorge,Kommune,,,,NEI,"172909",nor,FLATE
"1504","172758",Ålesund,NO.KARTVERKET.AdmEnheterNorge,Kommune,,,,NEI,"172910",nor,FLATE
"1223","172760",Tysnes,NO.KARTVERKET.AdmEnheterNorge,Kommune,,,,NEI,"172911",nor,FLATE
"1238","172761",Kvam,NO.KARTVERKET.AdmEnheterNorge,Kommune,,,,NEI,"172912",nor,FLATE
"0215","172763",Frogn,NO.KARTVERKET.AdmEnheterNorge,Kommune,,,,NEI,"172913",nor,FLATE
"0935","172765",Iveland,NO.KARTVERKET.AdmEnheterNorge,Kommune,,,,NEI,"172914",nor,FLATE
"1234","172768",Granvin,NO.KARTVERKET.AdmEnheterNorge,Kommune,"19991231",,,NEI,"172915",nor,FLATE
"1827","172770",Dønna,NO.KARTVERKET.AdmEnheterNorge,Kommune,,,,NEI,"172916",nor,FLATE
"1411","172773",Gulen,NO.KARTVERKET.AdmEnheterNorge,Kommune,,,,NEI,"172917",nor,FLATE
"1252","172774",Modalen,NO.KARTVERKET.AdmEnheterNorge,Kommune,,,,NEI,"172918",nor,FLATE
"0616","172775",Nes,NO.KARTVERKET.AdmEnheterNorge,Kommune,"20000630",,,NEI,"172919",nor,FLATE
"1833","172776",Rana,NO.KARTVERKET.AdmEnheterNorge,Kommune,,,,NEI,"172920",nor,FLATE
"5031","172780",Malvik,NO.KARTVERKET.AdmEnheterNorge,Kommune,,,,NEI,"172921",nor,FLATE
"0513","172781",Skjåk,NO.KARTVERKET.AdmEnheterNorge,Kommune,,,,NEI,"172922",nor,FLATE
"0828","172782",Seljord,NO.KARTVERKET.AdmEnheterNorge,Kommune,"20000630",,,NEI,"172923",nor,FLATE
"0819","172783",Nome,NO.KARTVERKET.AdmEnheterNorge,Kommune,"20000630",,,NEI,"172924",nor,FLATE
"1422","172785",Lærdal,NO.KARTVERKET.AdmEnheterNorge,Kommune,,,,NEI,"172925",nor,FLATE
"0919","172787",Froland,NO.KARTVERKET.AdmEnheterNorge,Kommune,,,,NEI,"172926",nor,FLATE
"0929","172788",Åmli,NO.KARTVERKET.AdmEnheterNorge,Kommune,,,,NEI,"172927",nor,FLATE
"5036","172789",Frosta,NO.KARTVERKET.AdmEnheterNorge,Kommune,,,,NEI,"172928",nor,FLATE
"0136","172791",Rygge,NO.KARTVERKET.AdmEnheterNorge,Kommune,"20030630",,,NEI,"172929",nor,FLATE
"0137","172792",Våler,NO.KARTVERKET.AdmEnheterNorge,Kommune,"20030630",,,NEI,"172930",nor,FLATE
"0124","172793",Askim,NO.KARTVERKET.AdmEnheterNorge,Kommune,"20030630",,,NEI,"172931",nor,FLATE
"0239","172794",Hurdal,NO.KARTVERKET.AdmEnheterNorge,Kommune,,,,NEI,"172932",nor,FLATE
"0833","172796",Tokke,NO.KARTVERKET.AdmEnheterNorge,Kommune,"20000630",,,NEI,"172933",nor,FLATE
"0701","172801",Horten,NO.KARTVERKET.AdmEnheterNorge,Kommune,,,,NEI,"172935",nor,FLATE
"0815","172803",Kragerø,NO.KARTVERKET.AdmEnheterNorge,Kommune,"20000630",,,NEI,"172936",nor,FLATE
"1256","172805",Meland,NO.KARTVERKET.AdmEnheterNorge,Kommune,,,,NEI,"172937",nor,FLATE
"1927","172806",Tranøy,NO.KARTVERKET.AdmEnheterNorge,Kommune,,,,NEI,"172938",nor,FLATE
"1929","172808",Berg,NO.KARTVERKET.AdmEnheterNorge,Kommune,,,,NEI,"172939",nor,FLATE
"5051","172810",Nærøy,NO.KARTVERKET.AdmEnheterNorge,Kommune,,,,NEI,"172940",nor,FLATE
"5048","172811",Fosnes,NO.KARTVERKET.AdmEnheterNorge,Kommune,,,,NEI,"172941",nor,FLATE
"5005","172812",Namsos,NO.KARTVERKET.AdmEnheterNorge,Kommune,,,,NEI,"172942",nor,FLATE
"0438","172814",Alvdal,NO.KARTVERKET.AdmEnheterNorge,Kommune,,,,NEI,"172943",nor,FLATE
"0437","172815",Tynset,NO.KARTVERKET.AdmEnheterNorge,Kommune,,,,NEI,"172944",nor,FLATE
"5042","172819",Lierne,NO.KARTVERKET.AdmEnheterNorge,Kommune,,,,NEI,"172945",nor,FLATE
"5024","172820",Orkdal,NO.KARTVERKET.AdmEnheterNorge,Kommune,,,,NEI,"172946",nor,FLATE
"5034","172821",Meråker,NO.KARTVERKET.AdmEnheterNorge,Kommune,,,,NEI,"172947",nor,FLATE
"0121","172823",Rømskog,NO.KARTVERKET.AdmEnheterNorge,Kommune,,,,NEI,"172948",nor,FLATE
"5029","172824",Skaun,NO.KARTVERKET.AdmEnheterNorge,Kommune,,,,NEI,"172949",nor,FLATE
"1804","172826",Bodø,NO.KARTVERKET.AdmEnheterNorge,Kommune,,,,NEI,"172951",nor,FLATE
"1824","172827",Vefsn,NO.KARTVERKET.AdmEnheterNorge,Kommune,,,,NEI,"172952",nor,FLATE
"0806","172828",Skien,NO.KARTVERKET.AdmEnheterNorge,Kommune,"20000630",,,NEI,"172953",nor,FLATE
"1235","172829",Voss,NO.KARTVERKET.AdmEnheterNorge,Kommune,,,,NEI,"172954",nor,FLATE
"1825","172830",Grane,NO.KARTVERKET.AdmEnheterNorge,Kommune,,,,NEI,"172955",nor,FLATE
"1417","172832",Vik,NO.KARTVERKET.AdmEnheterNorge,Kommune,,,,NEI,"172957",nor,FLATE
"0441","172834",Os,NO.KARTVERKET.AdmEnheterNorge,Kommune,"20050701",,,NEI,"172958",nor,FLATE
"0521","172835",Øyer,NO.KARTVERKET.AdmEnheterNorge,Kommune,,,,NEI,"172959",nor,FLATE
"0533","172836",Lunner,NO.KARTVERKET.AdmEnheterNorge,Kommune,,,,NEI,"172960",nor,FLATE
"0427","172837",Elverum,NO.KARTVERKET.AdmEnheterNorge,Kommune,,,,NEI,"172961",nor,FLATE
"0428","172838",Trysil,NO.KARTVERKET.AdmEnheterNorge,Kommune,,,,NEI,"172962",nor,FLATE
"1426","172839",Luster,NO.KARTVERKET.AdmEnheterNorge,Kommune,,,,NEI,"172963",nor,FLATE
"0515","172840",Vågå,NO.KARTVERKET.AdmEnheterNorge,Kommune,,,,NEI,"172964",nor,FLATE
"0517","172841",Sel,NO.KARTVERKET.AdmEnheterNorge,Kommune,,,,NEI,"172965",nor,FLATE
"0514","172842",Lom,NO.KARTVERKET.AdmEnheterNorge,Kommune,,,,NEI,"172966",nor,FLATE
"0227","172843",Fet,NO.KARTVERKET.AdmEnheterNorge,Kommune,,,,NEI,"172967",nor,FLATE
"1241","172845",Fusa,NO.KARTVERKET.AdmEnheterNorge,Kommune,,,,NEI,"172968",nor,FLATE
"5015","172846",Ørland,NO.KARTVERKET.AdmEnheterNorge,Kommune,,,,NEI,"172969",nor,FLATE
"1571","172847",Halsa,NO.KARTVERKET.AdmEnheterNorge,Kommune,,,,NEI,"172970",nor,FLATE
"1222","172848",Fitjar,NO.KARTVERKET.AdmEnheterNorge,Kommune,,,,NEI,"172971",nor,FLATE
"5017","172849",Bjugn,NO.KARTVERKET.AdmEnheterNorge,Kommune,,,,NEI,"172972",nor,FLATE
"1221","172850",Stord,NO.KARTVERKET.AdmEnheterNorge,Kommune,,,,NEI,"172973",nor,FLATE
"0420","172851",Eidskog,NO.KARTVERKET.AdmEnheterNorge,Kommune,"20030701",,,NEI,"172974",nor,FLATE
"5032","172852",Selbu,NO.KARTVERKET.AdmEnheterNorge,Kommune,,,,NEI,"172975",nor,FLATE
"5025","172853",Røros,NO.KARTVERKET.AdmEnheterNorge,Kommune,,,,NEI,"172976",nor,FLATE
"1525","172854",Stranda,NO.KARTVERKET.AdmEnheterNorge,Kommune,,,,NEI,"172977",nor,FLATE
"1529","172857",Skodje,NO.KARTVERKET.AdmEnheterNorge,Kommune,,,,NEI,"172978",nor,FLATE
"1563","172858",Sunndal,NO.KARTVERKET.AdmEnheterNorge,Kommune,,,,NEI,"172979",nor,FLATE
"1523","172859",Ørskog,NO.KARTVERKET.AdmEnheterNorge,Kommune,,,,NEI,"172980",nor,FLATE
"1520","172860",Ørsta,NO.KARTVERKET.AdmEnheterNorge,Kommune,,,,NEI,"172981",nor,FLATE
"1519","172861",Volda,NO.KARTVERKET.AdmEnheterNorge,Kommune,,,,NEI,"172982",nor,FLATE
"1539","172862",Rauma,NO.KARTVERKET.AdmEnheterNorge,Kommune,,,,NEI,"172983",nor,FLATE
"1443","172863",Eid,NO.KARTVERKET.AdmEnheterNorge,Kommune,,,,NEI,"172984",nor,FLATE
"1502","172865",Molde,NO.KARTVERKET.AdmEnheterNorge,Kommune,,,,NEI,"172985",nor,FLATE
"1924","172866",Målselv,NO.KARTVERKET.AdmEnheterNorge,Kommune,,,,NEI,"172986",nor,FLATE
"1922","172867",Bardu,NO.KARTVERKET.AdmEnheterNorge,Kommune,,,,NEI,"172987",nor,FLATE
"1805","172868",Narvik,NO.KARTVERKET.AdmEnheterNorge,Kommune,,,,NEI,"172988",nor,FLATE
"1832","172873",Hemnes,NO.KARTVERKET.AdmEnheterNorge,Kommune,,,,NEI,"172989",nor,FLATE
"1421","172874",Aurland,NO.KARTVERKET.AdmEnheterNorge,Kommune,,,,NEI,"172990",nor,FLATE
"0620","172875",Hol,NO.KARTVERKET.AdmEnheterNorge,Kommune,"20000630",,,NEI,"172991",nor,FLATE
"0534","172876",Gran,NO.KARTVERKET.AdmEnheterNorge,Kommune,,,,NEI,"172992",nor,FLATE
"5054","172878172800","""Indre Fosen""",NO.KARTVERKET.AdmEnheterNorge,Kommune,,,,NEI,"172993",nor,FLATE
"5021","172879",Oppdal,NO.KARTVERKET.AdmEnheterNorge,Kommune,,,,NEI,"172994",nor,FLATE
"2012","172881",Alta,NO.KARTVERKET.AdmEnheterNorge,Kommune,,,,NEI,"172995",nor,FLATE
"1923","172882",Salangen,NO.KARTVERKET.AdmEnheterNorge,Kommune,,,,NEI,"172996",nor,FLATE
"1838","172883",Gildeskål,NO.KARTVERKET.AdmEnheterNorge,Kommune,,,,NEI,"172997",nor,FLATE
"1919","172884",Gratangen,NO.KARTVERKET.AdmEnheterNorge,Kommune,,,,NEI,"172998",nor,FLATE
"1925","172886",Sørreisa,NO.KARTVERKET.AdmEnheterNorge,Kommune,,,,NEI,"172999",nor,FLATE
"1913","172887",Skånland,NO.KARTVERKET.AdmEnheterNorge,Kommune,,,,NEI,"173000",nor,FLATE
"0538","172888","""Nordre Land""",NO.KARTVERKET.AdmEnheterNorge,Kommune,,,,NEI,"173001",nor,FLATE
"1820","172890",Alstahaug,NO.KARTVERKET.AdmEnheterNorge,Kommune,,,,NEI,"173002",nor,FLATE
"1816","172891",Vevelstad,NO.KARTVERKET.AdmEnheterNorge,Kommune,,,,NEI,"173003",nor,FLATE
"0912","172892",Vegårshei,NO.KARTVERKET.AdmEnheterNorge,Kommune,,,,NEI,"173004",nor,FLATE
"1418","172895",Balestrand,NO.KARTVERKET.AdmEnheterNorge,Kommune,,,,NEI,"173006",nor,FLATE
"1419","172896",Leikanger,NO.KARTVERKET.AdmEnheterNorge,Kommune,,,,NEI,"173007",nor,FLATE
"1413","172897",Hyllestad,NO.KARTVERKET.AdmEnheterNorge,Kommune,,,,NEI,"173008",nor,FLATE
"1560","172899",Tingvoll,NO.KARTVERKET.AdmEnheterNorge,Kommune,,,,NEI,"173009",nor,FLATE
"1266","172900",Masfjorden,NO.KARTVERKET.AdmEnheterNorge,Kommune,,,,NEI,"173010",nor,FLATE
"0830","172903",Nissedal,NO.KARTVERKET.AdmEnheterNorge,Kommune,"20000630",,,NEI,"173011",nor,FLATE
"0829","172904",Kviteseid,NO.KARTVERKET.AdmEnheterNorge,Kommune,"20000630",,,NEI,"173012",nor,FLATE
"0106","172905",Fredrikstad,NO.KARTVERKET.AdmEnheterNorge,Kommune,,,,NEI,"173013",nor,FLATE
"0807","172906",Notodden,NO.KARTVERKET.AdmEnheterNorge,Kommune,"20000630",,,NEI,"173014",nor,FLATE
"0817","172907",Drangedal,NO.KARTVERKET.AdmEnheterNorge,Kommune,"20000630",,,NEI,"173015",nor,FLATE
"0911","172908",Gjerstad,NO.KARTVERKET.AdmEnheterNorge,Kommune,,,,NEI,"173016",nor,FLATE
"0618","172909",Hemsedal,NO.KARTVERKET.AdmEnheterNorge,Kommune,"20000630",,,NEI,"173017",nor,FLATE
"0822","172911",Sauherad,NO.KARTVERKET.AdmEnheterNorge,Kommune,"20000630",,,NEI,"173018",nor,FLATE
"5037","172912",Levanger,NO.KARTVERKET.AdmEnheterNorge,Kommune,,,,NEI,"173019",nor,FLATE
"0127","172914",Skiptvet,NO.KARTVERKET.AdmEnheterNorge,Kommune,,,,NEI,"173020",nor,FLATE
"0122","172915",Trøgstad,NO.KARTVERKET.AdmEnheterNorge,Kommune,,,,NEI,"173021",nor,FLATE
"0536","172918","""Søndre Land""",NO.KARTVERKET.AdmEnheterNorge,Kommune,,,,NEI,"173022",nor,FLATE
"0729","172919172988",Færder,NO.KARTVERKET.AdmEnheterNorge,Kommune,,,,NEI,"173023",nor,FLATE
"1911","172921",Kvæfjord,NO.KARTVERKET.AdmEnheterNorge,Kommune,,,,NEI,"173024",nor,FLATE
"5027","172924","""Midtre Gauldal""",NO.KARTVERKET.AdmEnheterNorge,Kommune,,,,NEI,"173025",nor,FLATE
"5047","172925",Overhalla,NO.KARTVERKET.AdmEnheterNorge,Kommune,,,,NEI,"173026",nor,FLATE
"1264","172928",Austrheim,NO.KARTVERKET.AdmEnheterNorge,Kommune,,,,NEI,"173027",nor,FLATE
"5044","172929",Namsskogan,NO.KARTVERKET.AdmEnheterNorge,Kommune,,,,NEI,"173028",nor,FLATE
"5046","172930",Høylandet,NO.KARTVERKET.AdmEnheterNorge,Kommune,,,,NEI,"173029",nor,FLATE
"0937","172932","""Evje og Hornnes""",NO.KARTVERKET.AdmEnheterNorge,Kommune,,,,NEI,"173030",nor,FLATE
"0928","172933",Birkenes,NO.KARTVERKET.AdmEnheterNorge,Kommune,,,,NEI,"173031",nor,FLATE
"1014","172934",Vennesla,NO.KARTVERKET.AdmEnheterNorge,Kommune,,,,NEI,"173032",nor,FLATE
"0434","172935",Engerdal,NO.KARTVERKET.AdmEnheterNorge,Kommune,,,,NEI,"173033",nor,FLATE
"0516","172937",Nord-Fron,NO.KARTVERKET.AdmEnheterNorge,Kommune,,,,NEI,"173034",nor,FLATE
"0519","172938",Sør-Fron,NO.KARTVERKET.AdmEnheterNorge,Kommune,,,,NEI,"173035",nor,FLATE
"5012","172939",Snillfjord,NO.KARTVERKET.AdmEnheterNorge,Kommune,,,,NEI,"173036",nor,FLATE
"0805","172940",Porsgrunn,NO.KARTVERKET.AdmEnheterNorge,Kommune,"20000630",,,NEI,"173037",nor,FLATE
"0432","172941",Rendalen,NO.KARTVERKET.AdmEnheterNorge,Kommune,,,,NEI,"173038",nor,FLATE
"1444","172942",Hornindal,NO.KARTVERKET.AdmEnheterNorge,Kommune,,,,NEI,"173039",nor,FLATE
"0238","172944",Nannestad,NO.KARTVERKET.AdmEnheterNorge,Kommune,,,,NEI,"173040",nor,FLATE
"1242","172945",Samnanger,NO.KARTVERKET.AdmEnheterNorge,Kommune,,,,NEI,"173041",nor,FLATE
"1232","172946",Eidfjord,NO.KARTVERKET.AdmEnheterNorge,Kommune,,,,NEI,"173042",nor,FLATE
"5026","172947",Holtålen,NO.KARTVERKET.AdmEnheterNorge,Kommune,,,,NEI,"173043",nor,FLATE
"1528","172948",Sykkylven,NO.KARTVERKET.AdmEnheterNorge,Kommune,,,,NEI,"173044",nor,FLATE
"1511","172949",Vanylven,NO.KARTVERKET.AdmEnheterNorge,Kommune,,,,NEI,"173045",nor,FLATE
"1854","172951",Ballangen,NO.KARTVERKET.AdmEnheterNorge,Kommune,,,,NEI,"173046",nor,FLATE
"1826","172953",Hattfjelldal,NO.KARTVERKET.AdmEnheterNorge,Kommune,,,,NEI,"173047",nor,FLATE
"1942","172955",Nordreisa,NO.KARTVERKET.AdmEnheterNorge,Kommune,,,,NEI,"173048",nor,FLATE
"0233","172957",Nittedal,NO.KARTVERKET.AdmEnheterNorge,Kommune,,,,NEI,"173049",nor,FLATE
"1943","172960",Kvænangen,NO.KARTVERKET.AdmEnheterNorge,Kommune,,,,NEI,"173050",nor,FLATE
"2017","172961",Kvalsund,NO.KARTVERKET.AdmEnheterNorge,Kommune,"20070104",,,NEI,"173051",nor,FLATE
"1026","172962",Åseral,NO.KARTVERKET.AdmEnheterNorge,Kommune,,,,NEI,"173052",nor,FLATE
"1439","172966",Vågsøy,NO.KARTVERKET.AdmEnheterNorge,Kommune,,,,NEI,"173053",nor,FLATE
"1002","172975",Mandal,NO.KARTVERKET.AdmEnheterNorge,Kommune,,,,NEI,"173054",nor,FLATE
"1868","172977",Øksnes,NO.KARTVERKET.AdmEnheterNorge,Kommune,,,,NEI,"173055",nor,FLATE
"1546","172979",Sandøy,NO.KARTVERKET.AdmEnheterNorge,Kommune,,:-502625 :-378493 :-378490 :-378486 :-378542 :-378537 :479443 :479738 :479736 :479731 :479744 :388270 :388272 :388007 :388009 :388017 :388019 :388029 :388032 :388040 :388043 :502618 :-388049 :-172432 :-378476 :-378475 :-378482 :-378480,,NEI,"173056",nor,FLATE
"1554","172981",Averøy,NO.KARTVERKET.AdmEnheterNorge,Kommune,,,,NEI,"173057",nor,FLATE
"0104","172985",Moss,NO.KARTVERKET.AdmEnheterNorge,Kommune,,,,NEI,"173058",nor,FLATE
"0118","172991",Aremark,NO.KARTVERKET.AdmEnheterNorge,Kommune,,,,NEI,"173060",nor,FLATE
"5050","172992",Vikna,NO.KARTVERKET.AdmEnheterNorge,Kommune,,:-172400 :-466890 :-502564 :-466863 :-466876 :-466869 :-466874 :355184 :358701 :-470962 :-470972 :-470975 :-470968 :-470983 :-470977 :-470980 :-470662 :-470660 :-470665 :489399 :489408 :489407 :489405 :502549 :502548 :489403,,NEI,"173061",nor,FLATE
"1532","172994",Giske,NO.KARTVERKET.AdmEnheterNorge,Kommune,,,,NEI,"173062",nor,FLATE
"0545","172996",Vang,NO.KARTVERKET.AdmEnheterNorge,Kommune,,,,NEI,"173063",nor,FLATE
"0119","172998",Marker,NO.KARTVERKET.AdmEnheterNorge,Kommune,,,,NEI,"173064",nor,FLATE
"5045","172999",Grong,NO.KARTVERKET.AdmEnheterNorge,Kommune,,,,NEI,"173065",nor,FLATE
"1424","173001",Årdal,NO.KARTVERKET.AdmEnheterNorge,Kommune,,,,NEI,"173066",nor,FLATE
"0541","173002",Etnedal,NO.KARTVERKET.AdmEnheterNorge,Kommune,,,,NEI,"173067",nor,FLATE
"0214","173003",Ås,NO.KARTVERKET.AdmEnheterNorge,Kommune,,,,NEI,"173068",nor,FLATE
"5030","173004",Klæbu,NO.KARTVERKET.AdmEnheterNorge,Kommune,,,,NEI,"173069",nor,FLATE
"5019","173005",Roan,NO.KARTVERKET.AdmEnheterNorge,Kommune,,,,NEI,"173070",nor,FLATE
"0231","173006",Skedsmo,NO.KARTVERKET.AdmEnheterNorge,Kommune,,,,NEI,"173071",nor,FLATE
"1534","173010",Haram,NO.KARTVERKET.AdmEnheterNorge,Kommune,,,,NEI,"173072",nor,FLATE
"2015","173015",Hasvik,NO.KARTVERKET.AdmEnheterNorge,Kommune,,,,NEI,"173073",nor,FLATE
"5018","173020",Åfjord,NO.KARTVERKET.AdmEnheterNorge,Kommune,,,,NEI,"173074",nor,FLATE
"1027","173023",Audnedal,NO.KARTVERKET.AdmEnheterNorge,Kommune,,,,NEI,"173075",nor,FLATE
"1021","173024",Marnardal,NO.KARTVERKET.AdmEnheterNorge,Kommune,,,,NEI,"173076",nor,FLATE
"1874","173026",Moskenes,NO.KARTVERKET.AdmEnheterNorge,Kommune,,,,NEI,"173077",nor,FLATE
"1933","173029",Balsfjord,NO.KARTVERKET.AdmEnheterNorge,Kommune,,,,NEI,"173078",nor,FLATE
"0125","173031",Eidsberg,NO.KARTVERKET.AdmEnheterNorge,Kommune,,,,NEI,"173079",nor,FLATE
"1231","173032",Ullensvang,NO.KARTVERKET.AdmEnheterNorge,Kommune,"19991231",,,NEI,"173080",nor,FLATE
"0540","173033",Sør-Aurdal,NO.KARTVERKET.AdmEnheterNorge,Kommune,,,,NEI,"173081",nor,FLATE
"0128","173034",Rakkestad,NO.KARTVERKET.AdmEnheterNorge,Kommune,,,,NEI,"173082",nor,FLATE
"5040","173037",Namdalseid,NO.KARTVERKET.AdmEnheterNorge,Kommune,,,,NEI,"173083",nor,FLATE
"0543","173038","""Vestre Slidre""",NO.KARTVERKET.AdmEnheterNorge,Kommune,,,,NEI,"173084",nor,FLATE
"1034","173039",Hægebostad,NO.KARTVERKET.AdmEnheterNorge,Kommune,,,,NEI,"173085",nor,FLATE
"0419","173046",Sør-Odal,NO.KARTVERKET.AdmEnheterNorge,Kommune,,,,NEI,"173087",nor,FLATE
"0402","173049",Kongsvinger,NO.KARTVERKET.AdmEnheterNorge,Kommune,"20030701",,,NEI,"173088",nor,FLATE
"2024","173052",Berlevåg,NO.KARTVERKET.AdmEnheterNorge,Kommune,,,,NEI,"173089",nor,FLATE
"0532","173054",Jevnaker,NO.KARTVERKET.AdmEnheterNorge,Kommune,,,,NEI,"173090",nor,FLATE
"1247","173057",Askøy,NO.KARTVERKET.AdmEnheterNorge,Kommune,,:-368803 :-366973 :-366969 :-366986 :-366983 :-366979 :-366993 :-366990 :368811 :368797 :368800 :368784 :368788 :368793 :368775 :368778 :368781 :368771 :368772 :368774 :368808 :-449164 :-449165 :-449170 :-449172,,NEI,"173091",nor,FLATE
"0217","173059",Oppegård,NO.KARTVERKET.AdmEnheterNorge,Kommune,,,,NEI,"173092",nor,FLATE
"0213","173060",Ski,NO.KARTVERKET.AdmEnheterNorge,Kommune,,,,NEI,"173093",nor,FLATE
"1938","173061",Lyngen,NO.KARTVERKET.AdmEnheterNorge,Kommune,,,,NEI,"173094",nor,FLATE
"1566","173063",Surnadal,NO.KARTVERKET.AdmEnheterNorge,Kommune,,,,NEI,"173095",nor,FLATE
"5011","173064",Hemne,NO.KARTVERKET.AdmEnheterNorge,Kommune,,,,NEI,"173096",nor,FLATE
"1567","173065",Rindal,NO.KARTVERKET.AdmEnheterNorge,Kommune,,,,NEI,"173097",nor,FLATE
"0512","173066",Lesja,NO.KARTVERKET.AdmEnheterNorge,Kommune,,,,NEI,"173098",nor,FLATE
"0511","173067",Dovre,NO.KARTVERKET.AdmEnheterNorge,Kommune,,,,NEI,"173099",nor,FLATE
"5001","173068",Trondheim,NO.KARTVERKET.AdmEnheterNorge,Kommune,,,,NEI,"173100",nor,FLATE
"5031","173069",Malvik,NO.KARTVERKET.AdmEnheterNorge,Kommune,,,,NEI,"173101",nor,FLATE
"5035","173070",Stjørdal,NO.KARTVERKET.AdmEnheterNorge,Kommune,,,,NEI,"173102",nor,FLATE
"1122","173071",Gjesdal,NO.KARTVERKET.AdmEnheterNorge,Kommune,,,,NEI,"173103",nor,FLATE
"1121","173072",Time,NO.KARTVERKET.AdmEnheterNorge,Kommune,,,,NEI,"173104",nor,FLATE
"1145","173074",Bokn,NO.KARTVERKET.AdmEnheterNorge,Kommune,,:490441 :490436 :490443 :490451 :498148 :498166 :498159 :498155 :448853 :448851 :448865 :448862 :427142 :-490433 :-490424 :-490417 :-490421 :-490413 :-490453 :-490448 :490403 :490408 :490382 :490386 :490384 :490388 :490395,,NEI,"173105",nor,FLATE
"1141","173075",Finnøy,NO.KARTVERKET.AdmEnheterNorge,Kommune,,,,NEI,"173106",nor,FLATE
"1129","173078",Forsand,NO.KARTVERKET.AdmEnheterNorge,Kommune,,,,NEI,"173107",nor,FLATE
"1146","173079",Tysvær,NO.KARTVERKET.AdmEnheterNorge,Kommune,,,,NEI,"173108",nor,FLATE
"0834","173081",Vinje,NO.KARTVERKET.AdmEnheterNorge,Kommune,"20000630",,,NEI,"173109",nor,FLATE
"0941","173082",Bykle,NO.KARTVERKET.AdmEnheterNorge,Kommune,,,,NEI,"173110",nor,FLATE
"1102","173083",Sandnes,NO.KARTVERKET.AdmEnheterNorge,Kommune,,,,NEI,"173111",nor,FLATE
"1211","173084",Etne,NO.KARTVERKET.AdmEnheterNorge,Kommune,,,,NEI,"173112",nor,FLATE
"1216","173085",Sveio,NO.KARTVERKET.AdmEnheterNorge,Kommune,,,,NEI,"173113",nor,FLATE
"1046","173086",Sirdal,NO.KARTVERKET.AdmEnheterNorge,Kommune,,,,NEI,"173114",nor,FLATE
"1160","173087",Vindafjord,NO.KARTVERKET.AdmEnheterNorge,Kommune,"20060101",,,NEI,"173115",nor,FLATE
"1127","173089",Randaberg,NO.KARTVERKET.AdmEnheterNorge,Kommune,,,,NEI,"173116",nor,FLATE
"1142","173090",Rennesøy,NO.KARTVERKET.AdmEnheterNorge,Kommune,,,,NEI,"173117",nor,FLATE
"1103","173091",Stavanger,NO.KARTVERKET.AdmEnheterNorge,Kommune,,,,NEI,"173118",nor,FLATE
"1111","173093",Sokndal,NO.KARTVERKET.AdmEnheterNorge,Kommune,,,,NEI,"173119",nor,FLATE
"1144","173096",Kvitsøy,NO.KARTVERKET.AdmEnheterNorge,Kommune,,:502542 :498260 :498258 :-172412 :-498442 :498437 :502541 :-498440 :-498190 :-498196 :-449114 :-498155 :-498159 :-498166 :-498148 :498431 :498432 :498423 :502543 :498433 :498427,,NEI,"173120",nor,FLATE
"1112","173099",Lund,NO.KARTVERKET.AdmEnheterNorge,Kommune,,,,NEI,"173121",nor,FLATE
"1114","173101",Bjerkreim,NO.KARTVERKET.AdmEnheterNorge,Kommune,,,,NEI,"173122",nor,FLATE
"1135","173104",Sauda,NO.KARTVERKET.AdmEnheterNorge,Kommune,,,,NEI,"173123",nor,FLATE
"1134","173105",Suldal,NO.KARTVERKET.AdmEnheterNorge,Kommune,,,,NEI,"173124",nor,FLATE
"1851","172893",Lødingen,NO.KARTVERKET.AdmEnheterNorge,Kommune,,,,NEI,"173125",nor,FLATE
"1840","172872",Saltdal,NO.KARTVERKET.AdmEnheterNorge,Kommune,,,,NEI,"173126",nor,FLATE
"1445","172753",Gloppen,NO.KARTVERKET.AdmEnheterNorge,Kommune,,,,NEI,"173127",nor,FLATE
"1431","172746",Jølster,NO.KARTVERKET.AdmEnheterNorge,Kommune,,,,NEI,"173128",nor,FLATE
"1432","172752",Førde,NO.KARTVERKET.AdmEnheterNorge,Kommune,,,,NEI,"173129",nor,FLATE
"1430","172747",Gaular,NO.KARTVERKET.AdmEnheterNorge,Kommune,,,,NEI,"173130",nor,FLATE
"1416","172936",Høyanger,NO.KARTVERKET.AdmEnheterNorge,Kommune,,,,NEI,"173131",nor,FLATE
"1201","172778",Bergen,NO.KARTVERKET.AdmEnheterNorge,Kommune,"20000630",,,NEI,"173132",nor,FLATE
"1243","172772",Os,NO.KARTVERKET.AdmEnheterNorge,Kommune,,,,NEI,"173133",nor,FLATE
"1227","172797",Jondal,NO.KARTVERKET.AdmEnheterNorge,Kommune,,,,NEI,"173134",nor,FLATE
"1224","173092",Kvinnherad,NO.KARTVERKET.AdmEnheterNorge,Kommune,,,,NEI,"173135",nor,FLATE
"1133","173088",Hjelmeland,NO.KARTVERKET.AdmEnheterNorge,Kommune,,,,NEI,"173136",nor,FLATE
"0940","172795",Valle,NO.KARTVERKET.AdmEnheterNorge,Kommune,,,,NEI,"173137",nor,FLATE
"0938","172766",Bygland,NO.KARTVERKET.AdmEnheterNorge,Kommune,,,,NEI,"173138",nor,FLATE
"1037","172702",Kvinesdal,NO.KARTVERKET.AdmEnheterNorge,Kommune,,,,NEI,"173139",nor,FLATE
"1032","172816",Lyngdal,NO.KARTVERKET.AdmEnheterNorge,Kommune,,,,NEI,"173140",nor,FLATE
"0826","172786",Tinn,NO.KARTVERKET.AdmEnheterNorge,Kommune,"20000630",,,NEI,"173141",nor,FLATE
"0827","172898",Hjartdal,NO.KARTVERKET.AdmEnheterNorge,Kommune,"20000630",,,NEI,"173142",nor,FLATE
"0544","172694","""Øystre Slidre""",NO.KARTVERKET.AdmEnheterNorge,Kommune,,,,NEI,"173143",nor,FLATE
"0542","173047",Nord-Aurdal,NO.KARTVERKET.AdmEnheterNorge,Kommune,,,,NEI,"173144",nor,FLATE
"0501","172910",Lillehammer,NO.KARTVERKET.AdmEnheterNorge,Kommune,,,,NEI,"173145",nor,FLATE
"0412","172701",Ringsaker,NO.KARTVERKET.AdmEnheterNorge,Kommune,,,,NEI,"173146",nor,FLATE
"0403","172779",Hamar,NO.KARTVERKET.AdmEnheterNorge,Kommune,,,,NEI,"173147",nor,FLATE
"0529","173045","""Vestre Toten""",NO.KARTVERKET.AdmEnheterNorge,Kommune,,,,NEI,"173148",nor,FLATE
"0528","173044","""Østre Toten""",NO.KARTVERKET.AdmEnheterNorge,Kommune,,,,NEI,"173149",nor,FLATE
"0237","173050",Eidsvoll,NO.KARTVERKET.AdmEnheterNorge,Kommune,,,,NEI,"173150",nor,FLATE
"0236","172713",Nes,NO.KARTVERKET.AdmEnheterNorge,Kommune,,,,NEI,"173151",nor,FLATE
"0226","173016",Sørum,NO.KARTVERKET.AdmEnheterNorge,Kommune,,,,NEI,"173152",nor,FLATE
"0235","172719",Ullensaker,NO.KARTVERKET.AdmEnheterNorge,Kommune,,,,NEI,"173153",nor,FLATE
"0423","172728",Grue,NO.KARTVERKET.AdmEnheterNorge,Kommune,,,,NEI,"173154",nor,FLATE
"0417","172714",Stange,NO.KARTVERKET.AdmEnheterNorge,Kommune,,,,NEI,"173155",nor,FLATE
"0426","172700",Våler,NO.KARTVERKET.AdmEnheterNorge,Kommune,,,,NEI,"173156",nor,FLATE
"0425","172877",Åsnes,NO.KARTVERKET.AdmEnheterNorge,Kommune,,,,NEI,"173157",nor,FLATE
"0138","172790",Hobøl,NO.KARTVERKET.AdmEnheterNorge,Kommune,,,,NEI,"173158",nor,FLATE
"0123","172913",Spydeberg,NO.KARTVERKET.AdmEnheterNorge,Kommune,,,,NEI,"173159",nor,FLATE
"0135","172799",Råde,NO.KARTVERKET.AdmEnheterNorge,Kommune,,,,NEI,"173160",nor,FLATE
"0105","172917",Sarpsborg,NO.KARTVERKET.AdmEnheterNorge,Kommune,,,,NEI,"173161",nor,FLATE
"0716","172986",Re,NO.KARTVERKET.AdmEnheterNorge,Kommune,,,,NEI,"173162",nor,FLATE
"0713","172767",Sande,NO.KARTVERKET.AdmEnheterNorge,Kommune,,,,NEI,"173163",nor,FLATE
"0632","172784",Rollag,NO.KARTVERKET.AdmEnheterNorge,Kommune,"20000630",,,NEI,"173164",nor,FLATE
"0621","172983",Sigdal,NO.KARTVERKET.AdmEnheterNorge,Kommune,"20000630",,,NEI,"173165",nor,FLATE
"0622","172916",Krødsherad,NO.KARTVERKET.AdmEnheterNorge,Kommune,"20000630",,,NEI,"173166",nor,FLATE
"0623","172704",Modum,NO.KARTVERKET.AdmEnheterNorge,Kommune,"20000630",,,NEI,"173167",nor,FLATE
"0605","173055",Ringerike,NO.KARTVERKET.AdmEnheterNorge,Kommune,"20000630",,,NEI,"173168",nor,FLATE
"0612","172798",Hole,NO.KARTVERKET.AdmEnheterNorge,Kommune,"20000630",,,NEI,"173169",nor,FLATE
"0301","173018",Oslo,NO.KARTVERKET.AdmEnheterNorge,Kommune,,,,NEI,"173170",nor,FLATE
"0219","173017",Bærum,NO.KARTVERKET.AdmEnheterNorge,Kommune,,,,NEI,"173171",nor,FLATE
"0220","172764",Asker,NO.KARTVERKET.AdmEnheterNorge,Kommune,,,,NEI,"173172",nor,FLATE
"0626","172751",Lier,NO.KARTVERKET.AdmEnheterNorge,Kommune,"20000630",,,NEI,"173173",nor,FLATE
"0624","173022","""Øvre Eiker""",NO.KARTVERKET.AdmEnheterNorge,Kommune,"20000630",,,NEI,"173174",nor,FLATE
"0625","172943","""Nedre Eiker""",NO.KARTVERKET.AdmEnheterNorge,Kommune,"20000630",,,NEI,"173175",nor,FLATE
"0602","172679",Drammen,NO.KARTVERKET.AdmEnheterNorge,Kommune,"20000630",,,NEI,"173176",nor,FLATE
"0715","172902172762",Holmestrand,NO.KARTVERKET.AdmEnheterNorge,Kommune,,,,NEI,"173178",nor,FLATE
"0216","172724",Nesodden,NO.KARTVERKET.AdmEnheterNorge,Kommune,"20050614",,,NEI,"173179",nor,FLATE
"0215","172844",Frogn,NO.KARTVERKET.AdmEnheterNorge,Kommune,,,,NEI,"173180",nor,FLATE
"1853","172802",Evenes,NO.KARTVERKET.AdmEnheterNorge,Kommune,,,,NEI,"173181",nor,FLATE
"1822","172889",Leirfjord,NO.KARTVERKET.AdmEnheterNorge,Kommune,,,,NEI,"173183",nor,FLATE
"5039","172989",Verran,NO.KARTVERKET.AdmEnheterNorge,Kommune,,,,NEI,"173184",nor,FLATE
"5004","172931",Steinkjer,NO.KARTVERKET.AdmEnheterNorge,Kommune,,,,NEI,"173185",nor,FLATE
"5028","172997",Melhus,NO.KARTVERKET.AdmEnheterNorge,Kommune,,,,NEI,"173186",nor,FLATE
"1557","172855",Gjemnes,NO.KARTVERKET.AdmEnheterNorge,Kommune,,,,NEI,"173187",nor,FLATE
"1543","172856",Nesset,NO.KARTVERKET.AdmEnheterNorge,Kommune,,,,NEI,"173188",nor,FLATE
"1517","172689",Hareid,NO.KARTVERKET.AdmEnheterNorge,Kommune,,,,NEI,"173189",nor,FLATE
"1449","172864",Stryn,NO.KARTVERKET.AdmEnheterNorge,Kommune,,,,NEI,"173190",nor,FLATE
"1228","173094",Odda,NO.KARTVERKET.AdmEnheterNorge,Kommune,,,,NEI,"173191",nor,FLATE
"1130","173076",Strand,NO.KARTVERKET.AdmEnheterNorge,Kommune,,,,NEI,"173192",nor,FLATE
"0418","172954",Nord-Odal,NO.KARTVERKET.AdmEnheterNorge,Kommune,,,,NEI,"173193",nor,FLATE
"0701","173141",Horten,NO.KARTVERKET.AdmEnheterNorge,Kommune,,:355021 :353425 :353426 :-353448 :353445 :-353441 :353438 :352223 :-352218 :-355024,,NEI,"173194",nor,FLATE
"0627","173000",Røyken,NO.KARTVERKET.AdmEnheterNorge,Kommune,"20000630",,,NEI,"173195",nor,FLATE
"2023","173019",Gamvik,NO.KARTVERKET.AdmEnheterNorge,Kommune,,,,NEI,"173196",nor,FLATE
"1941","172920",Skjervøy,NO.KARTVERKET.AdmEnheterNorge,Kommune,,,,NEI,"173197",nor,FLATE
"1928","172990",Torsken,NO.KARTVERKET.AdmEnheterNorge,Kommune,,,,NEI,"173198",nor,FLATE
"1867","172970",Bø,NO.KARTVERKET.AdmEnheterNorge,Kommune,,,,NEI,"173199",nor,FLATE
"1860","173027",Vestvågøy,NO.KARTVERKET.AdmEnheterNorge,Kommune,,,,NEI,"173200",nor,FLATE
"1859","173028",Flakstad,NO.KARTVERKET.AdmEnheterNorge,Kommune,,,,NEI,"173201",nor,FLATE
"1856","172972",Røst,NO.KARTVERKET.AdmEnheterNorge,Kommune,,:-172476 :-502656 :-349053 :-349007 :-349006 :-351777 :-351775 :-351781 :-351780 :-502659 :-343951,,NEI,"173202",nor,FLATE
"1835","172969",Træna,NO.KARTVERKET.AdmEnheterNorge,Kommune,,:-172475 :-338400 :-502660 :-502661 :-338407 :-338405 :361150 :361646 :361162 :-483796 :-483797 :-483801 :-483799 :-483835 :360874 :360871 :360879 :502645 :360881,,NEI,"173203",nor,FLATE
"1818","172973",Herøy,NO.KARTVERKET.AdmEnheterNorge,Kommune,,,,NEI,"173204",nor,FLATE
"1815","172974",Vega,NO.KARTVERKET.AdmEnheterNorge,Kommune,,,,NEI,"173205",nor,FLATE
"1813","172833",Brønnøy,NO.KARTVERKET.AdmEnheterNorge,Kommune,,,,NEI,"173206",nor,FLATE
"1812","172976",Sømna,NO.KARTVERKET.AdmEnheterNorge,Kommune,,,,NEI,"173207",nor,FLATE
"5052","172993",Leka,NO.KARTVERKET.AdmEnheterNorge,Kommune,,,,NEI,"173208",nor,FLATE
"5049","173048",Flatanger,NO.KARTVERKET.AdmEnheterNorge,Kommune,,,,NEI,"173209",nor,FLATE
"5014","172982",Frøya,NO.KARTVERKET.AdmEnheterNorge,Kommune,,,,NEI,"173210",nor,FLATE
"1573","172980",Smøla,NO.KARTVERKET.AdmEnheterNorge,Kommune,,,,NEI,"173211",nor,FLATE
"1548","173009",Fræna,NO.KARTVERKET.AdmEnheterNorge,Kommune,,,,NEI,"173212",nor,FLATE
"1515","173013",Herøy,NO.KARTVERKET.AdmEnheterNorge,Kommune,,,,NEI,"173213",nor,FLATE
"1514","173012",Sande,NO.KARTVERKET.AdmEnheterNorge,Kommune,,,,NEI,"173214",nor,FLATE
"1401","172964",Flora,NO.KARTVERKET.AdmEnheterNorge,Kommune,,,,NEI,"173215",nor,FLATE
"1428","172965",Askvoll,NO.KARTVERKET.AdmEnheterNorge,Kommune,,,,NEI,"173216",nor,FLATE
"1412","173021",Solund,NO.KARTVERKET.AdmEnheterNorge,Kommune,,:-172469 :-363025 :-502597 :-423052 :-423133 :-488350 :-488346 :-488354 :-488352 :-488355 :-488359 :363023 :362981 :363021 :362983 :362984 :362986 :-362988 :-362990 :363002 :363000 :502636 :362993 :502637 :362996,,NEI,"173217",nor,FLATE
"1246","173058",Fjell,NO.KARTVERKET.AdmEnheterNorge,Kommune,,,,NEI,"173218",nor,FLATE
"1245","172813",Sund,NO.KARTVERKET.AdmEnheterNorge,Kommune,,,,NEI,"173219",nor,FLATE
"1124","173097",Sola,NO.KARTVERKET.AdmEnheterNorge,Kommune,,,,NEI,"173220",nor,FLATE
"1120","173073",Klepp,NO.KARTVERKET.AdmEnheterNorge,Kommune,,,,NEI,"173221",nor,FLATE
"1003","172817",Farsund,NO.KARTVERKET.AdmEnheterNorge,Kommune,,,,NEI,"173222",nor,FLATE
"0904","173030",Grimstad,NO.KARTVERKET.AdmEnheterNorge,Kommune,,,,NEI,"173224",nor,FLATE
"0906","172984",Arendal,NO.KARTVERKET.AdmEnheterNorge,Kommune,,,,NEI,"173225",nor,FLATE
"0111","172777",Hvaler,NO.KARTVERKET.AdmEnheterNorge,Kommune,,,,NEI,"173226",nor,FLATE
"2030","173056",Sør-Varanger,NO.KARTVERKET.AdmEnheterNorge,Kommune,,,,NEI,"173227",nor,FLATE
"5043","172818",Raarvihke,NO.KARTVERKET.AdmEnheterNorge,Kommune,,,"1",JA,"173228",sma,FLATE
"2011","172959",Guovdageaidnu,NO.KARTVERKET.AdmEnheterNorge,Kommune,,,"1",JA,"173229",sme,FLATE
"2021","172958",Kárášjohka,NO.KARTVERKET.AdmEnheterNorge,Kommune,,,"1",JA,"173230",sme,FLATE
"2025","172717",Deatnu,NO.KARTVERKET.AdmEnheterNorge,Kommune,,,"1",JA,"173231",sme,FLATE
"2027","172922",Unjárga,NO.KARTVERKET.AdmEnheterNorge,Kommune,,,"1",JA,"173232",sme,FLATE
"2020","172956",Porsanki,NO.KARTVERKET.AdmEnheterNorge,Kommune,,,"3",JA,"173233",fkv,FLATE
"1920","172885",Loabák,NO.KARTVERKET.AdmEnheterNorge,Kommune,,,"1",JA,"173234",sme,FLATE
"1939","172950",Omasvuono,NO.KARTVERKET.AdmEnheterNorge,Kommune,,,"3",NEI,"173235",fkv,FLATE
"1850","172952",Divtasvuodna,NO.KARTVERKET.AdmEnheterNorge,Kommune,,,"1",JA,"173236",smj,FLATE
"1849","172869",Hábmer,NO.KARTVERKET.AdmEnheterNorge,Kommune,,,"2",NEI,"173237",smj,FLATE
"5041","172822",Snåase,NO.KARTVERKET.AdmEnheterNorge,Kommune,,,"1",JA,"173238",sma,FLATE
"0221","172720","""Aurskog-Høland""",NO.KARTVERKET.AdmEnheterNorge,Kommune,,,,NEI,"173239",nor,FLATE
"1940","172923",Kaivuono,NO.KARTVERKET.AdmEnheterNorge,Kommune,"20170103",,"3",JA,"173256",fkv,FLATE
"1841","172871",Fuossko,NO.KARTVERKET.AdmEnheterNorge,Kommune,"20170103",,"2",NEI,"173257",smj,FLATE
"0710","173036",Sandefjord,NO.KARTVERKET.AdmEnheterNorge,Kommune,"20170103",,,NEI,"173258",nor,FLATE
"0710","172901",Sandefjord,NO.KARTVERKET.AdmEnheterNorge,Kommune,"20170103",,,NEI,"173259",nor,FLATE
"1870","172894",Suortá,NO.KARTVERKET.AdmEnheterNorge,Kommune,,,"2",NEI,"173005",sme,FLATE
"1903","172807",Hárstták,NO.KARTVERKET.AdmEnheterNorge,Kommune,,,"2",NEI,"173182",sme,FLATE
"1017","173040",Songdalen,NO.KARTVERKET.AdmEnheterNorge,Kommune,,,,NEI,"502706",nor,FLATE
"1018","172771",Søgne,NO.KARTVERKET.AdmEnheterNorge,Kommune,,,,NEI,"502707",nor,FLATE
"5023","172831",Meldal,NO.KARTVERKET.AdmEnheterNorge,Kommune,,,,NEI,"172956",nor,FLATE
"5022","172825",Rennebu,NO.KARTVERKET.AdmEnheterNorge,Kommune,,,,NEI,"172950",nor,FLATE
